nome|email|areaAtual|areaAlvo|pretensao|disponibilidades|status|competencias
Ana Souza|ana.souza@recode.demo|Producao|Logistica|4500|REMOTO;HIBRIDO|APROVADO|Logistica:4;PCP:3;Roteirizacao:3
Carlos Lima|carlos.lima@recode.demo|Vendas|Administracao|5200|PRESENCIAL|APROVADO|Gestao de Equipes:4;Negociacao:3;Excel Avancado:3
Marta Reis|marta.reis@recode.demo|Atendimento|TI|6000|REMOTO;TURNO_NOITE|EM_CURADORIA|Suporte:4;Redes:3;Sistemas:3
Josefa Alves|josefa.alves@recode.demo|Producao|Vendas|3800|HIBRIDO;PRESENCIAL|APROVADO|Comercial:4;Clientes:4;Prospeccao:3
Ricardo Pinto|ricardo.pinto@recode.demo|Atendimento|Logistica|5000|REMOTO|REVISAR|Logistica:4;Roteirizacao:3;Qualidade de Processos:3
Lucia Ferreira|lucia.ferreira@recode.demo|Administracao|TI|7000|REMOTO;HIBRIDO|APROVADO|Dados:4;Power BI:4;Sistemas:3
Paulo Nunes|paulo.nunes@recode.demo|Logistica|Producao|4200|PRESENCIAL;TURNO_NOITE|EM_CURADORIA|Producao:3;PCP:3;Processos:3
Rosangela Dias|rosangela.dias@recode.demo|Vendas|Atendimento|3500|REMOTO|APROVADO|Atendimento:4;Relacionamento:4;CRM:3
Edmilson Rocha|edmilson.rocha@recode.demo|Producao|Administracao|6800|HIBRIDO|REVISAR|Administracao:4;Orcamento:3;Controladoria:3
Beatriz Cardoso|beatriz.cardoso@recode.demo|Atendimento|Vendas|5500|REMOTO;PRESENCIAL|APROVADO|Comercial:4;Negociacao:4;Clientes:3
